Campaign,Ad Group,Keyword,Match Type,Max CPC (INR),Final URL,Negative Keyword
Sachin.net - Website,Website - High Intent,website banwane wala,Phrase,25,https://sachin-net.netlify.app/website-development,
Sachin.net - Website,Website - High Intent,website banwani hai,Phrase,25,https://sachin-net.netlify.app/website-development,
Sachin.net - Website,Website - High Intent,website developer near me,Phrase,30,https://sachin-net.netlify.app/website-development,
Sachin.net - Website,Website - High Intent,website development company india,Phrase,35,https://sachin-net.netlify.app/website-development,
Sachin.net - Website,Website - High Intent,website banane wala,Phrase,25,https://sachin-net.netlify.app/website-development,
Sachin.net - Website,Website - High Intent,professional website developer,Phrase,30,https://sachin-net.netlify.app/website-development,
Sachin.net - Website,Website - High Intent,business website development,Phrase,30,https://sachin-net.netlify.app/website-development,
Sachin.net - Website,Website - High Intent,custom website development india,Phrase,35,https://sachin-net.netlify.app/website-development,
Sachin.net - Website,Website - Bihar,website developer bihar,Phrase,20,https://sachin-net.netlify.app/website-development,
Sachin.net - Website,Website - Bihar,website banwane wala bihar,Phrase,20,https://sachin-net.netlify.app/website-development,
Sachin.net - Website,Website - Bihar,website developer patna,Phrase,22,https://sachin-net.netlify.app/website-development,
Sachin.net - Website,Website - Bihar,website developer gaya,Phrase,20,https://sachin-net.netlify.app/website-development,
Sachin.net - Website,Website - Bihar,website company bihar,Phrase,22,https://sachin-net.netlify.app/website-development,
Sachin.net - Website,Website - Long Tail,affordable website developer india,Phrase,25,https://sachin-net.netlify.app/website-development,
Sachin.net - Website,Website - Long Tail,small business website india,Phrase,25,https://sachin-net.netlify.app/website-development,
Sachin.net - Website,Website - Long Tail,website design company india,Phrase,30,https://sachin-net.netlify.app/website-development,
Sachin.net - Website,Website - Long Tail,nextjs website developer,Phrase,35,https://sachin-net.netlify.app/website-development,
Sachin.net - Website,Website - Long Tail,landing page developer india,Phrase,25,https://sachin-net.netlify.app/website-development,
Sachin.net - School ERP,School ERP - High Intent,school management system software,Phrase,40,https://sachin-net.netlify.app/services,
Sachin.net - School ERP,School ERP - High Intent,school erp software india,Phrase,45,https://sachin-net.netlify.app/services,
Sachin.net - School ERP,School ERP - High Intent,school management software,Phrase,40,https://sachin-net.netlify.app/services,
Sachin.net - School ERP,School ERP - High Intent,school fee management software,Phrase,35,https://sachin-net.netlify.app/services,
Sachin.net - School ERP,School ERP - High Intent,school website banwane wala,Phrase,25,https://sachin-net.netlify.app/services,
Sachin.net - School ERP,School ERP - High Intent,online school management system,Phrase,40,https://sachin-net.netlify.app/services,
Sachin.net - School ERP,School ERP - High Intent,school result software,Phrase,30,https://sachin-net.netlify.app/services,
Sachin.net - School ERP,School ERP - Coaching,coaching institute website developer,Phrase,25,https://sachin-net.netlify.app/services,
Sachin.net - School ERP,School ERP - Coaching,coaching website banwane wala,Phrase,22,https://sachin-net.netlify.app/services,
Sachin.net - E-Commerce,E-Commerce - High Intent,ecommerce website developer india,Phrase,40,https://sachin-net.netlify.app/services,
Sachin.net - E-Commerce,E-Commerce - High Intent,ecommerce website development,Phrase,40,https://sachin-net.netlify.app/services,
Sachin.net - E-Commerce,E-Commerce - High Intent,online store website banwao,Phrase,30,https://sachin-net.netlify.app/services,
Sachin.net - E-Commerce,E-Commerce - High Intent,shop website developer india,Phrase,35,https://sachin-net.netlify.app/services,
Sachin.net - E-Commerce,E-Commerce - High Intent,razorpay ecommerce website,Phrase,35,https://sachin-net.netlify.app/services,
Sachin.net - E-Commerce,E-Commerce - High Intent,online dukan website banwao,Phrase,28,https://sachin-net.netlify.app/services,
Sachin.net - AI & Software,AI & Software,ai chatbot development india,Phrase,40,https://sachin-net.netlify.app/ai-services,
Sachin.net - AI & Software,AI & Software,custom software development india,Phrase,45,https://sachin-net.netlify.app/ai-services,
Sachin.net - AI & Software,AI & Software,mobile app development company india,Phrase,45,https://sachin-net.netlify.app/services,
Sachin.net - AI & Software,AI & Software,erp software development india,Phrase,45,https://sachin-net.netlify.app/services,
Sachin.net - AI & Software,AI & Software,crm software development,Phrase,40,https://sachin-net.netlify.app/services,
Sachin.net - Brand,Brand - Exact,[sachin.net],Exact,15,https://sachin-net.netlify.app/,
Sachin.net - Brand,Brand - Exact,[sachin net],Exact,15,https://sachin-net.netlify.app/,
Sachin.net - Brand,Brand - Exact,[sachin.net website],Exact,15,https://sachin-net.netlify.app/,
Sachin.net - Website,NEGATIVE - All,,free,Broad,,
Sachin.net - Website,NEGATIVE - All,,jobs,Broad,,
Sachin.net - Website,NEGATIVE - All,,job,Broad,,
Sachin.net - Website,NEGATIVE - All,,course,Broad,,
Sachin.net - Website,NEGATIVE - All,,tutorial,Broad,,
Sachin.net - Website,NEGATIVE - All,,diy,Broad,,
Sachin.net - Website,NEGATIVE - All,,wikipedia,Broad,,
Sachin.net - Website,NEGATIVE - All,,naukri,Broad,,
Sachin.net - Website,NEGATIVE - All,,internship,Broad,,
Sachin.net - Website,NEGATIVE - All,,salary,Broad,,
Sachin.net - Website,NEGATIVE - All,,pdf,Broad,,
